ip,timestamp,method,url
127.0.0.1,22/Nov/2025:21:42:39,HEAD,/
127.0.0.1,22/Nov/2025:21:43:24,GET,/
127.0.0.1,22/Nov/2025:21:43:24,GET,/
127.0.0.1,22/Nov/2025:21:43:24,GET,/
127.0.0.1,22/Nov/2025:21:43:24,GET,/
127.0.0.1,22/Nov/2025:21:43:24,GET,/
127.0.0.1,22/Nov/2025:21:43:24,GET,/
127.0.0.1,22/Nov/2025:21:43:24,GET,/
127.0.0.1,22/Nov/2025:21:43:24,GET,/
127.0.0.1,22/Nov/2025:21:43:24,GET,/
127.0.0.1,22/Nov/2025:21:43:24,GET,/
127.0.0.1,22/Nov/2025:21:43:24,GET,/1
127.0.0.1,22/Nov/2025:21:43:24,GET,/2
127.0.0.1,22/Nov/2025:21:43:24,GET,/3
127.0.0.1,22/Nov/2025:21:43:24,GET,/4
127.0.0.1,22/Nov/2025:21:43:24,GET,/5
127.0.0.1,22/Nov/2025:21:43:24,GET,/6
127.0.0.1,22/Nov/2025:21:43:24,GET,/7
127.0.0.1,22/Nov/2025:21:43:24,GET,/8
127.0.0.1,22/Nov/2025:21:43:24,GET,/9
127.0.0.1,22/Nov/2025:21:43:24,GET,/10
127.0.0.1,22/Nov/2025:21:43:24,GET,/11
127.0.0.1,22/Nov/2025:21:43:24,GET,/12
127.0.0.1,22/Nov/2025:21:43:24,GET,/13
127.0.0.1,22/Nov/2025:21:43:24,GET,/14
127.0.0.1,22/Nov/2025:21:43:24,GET,/15
127.0.0.1,22/Nov/2025:21:43:24,GET,/16
127.0.0.1,22/Nov/2025:21:43:24,GET,/17
127.0.0.1,22/Nov/2025:21:43:24,GET,/18
127.0.0.1,22/Nov/2025:21:43:24,GET,/19
127.0.0.1,22/Nov/2025:21:43:24,GET,/20
127.0.0.1,22/Nov/2025:21:43:24,GET,/21
127.0.0.1,22/Nov/2025:21:43:24,GET,/22
127.0.0.1,22/Nov/2025:21:43:24,GET,/23
127.0.0.1,22/Nov/2025:21:43:24,GET,/24
127.0.0.1,22/Nov/2025:21:43:24,GET,/25
127.0.0.1,22/Nov/2025:21:43:24,GET,/26
127.0.0.1,22/Nov/2025:21:43:24,GET,/27
127.0.0.1,22/Nov/2025:21:43:24,GET,/28
127.0.0.1,22/Nov/2025:21:43:24,GET,/29
127.0.0.1,22/Nov/2025:21:43:24,GET,/30
127.0.0.1,22/Nov/2025:21:43:24,GET,/notfound1
127.0.0.1,22/Nov/2025:21:43:24,GET,/notfound2
127.0.0.1,22/Nov/2025:21:59:54,GET,/
127.0.0.1,22/Nov/2025:21:59:54,GET,/
127.0.0.1,22/Nov/2025:21:59:54,GET,/
127.0.0.1,22/Nov/2025:21:59:54,GET,/
127.0.0.1,22/Nov/2025:21:59:54,GET,/
127.0.0.1,22/Nov/2025:21:59:54,GET,/
127.0.0.1,22/Nov/2025:21:59:54,GET,/
127.0.0.1,22/Nov/2025:21:59:54,GET,/
127.0.0.1,22/Nov/2025:21:59:54,GET,/
127.0.0.1,22/Nov/2025:21:59:54,GET,/
127.0.0.1,22/Nov/2025:21:59:54,GET,/notfound1
127.0.0.1,22/Nov/2025:21:59:54,GET,/notfound2
127.0.0.1,22/Nov/2025:21:59:54,GET,/notfound3
127.0.0.1,22/Nov/2025:21:59:54,GET,/notfound4
127.0.0.1,22/Nov/2025:21:59:54,GET,/notfound5
